[
  {
    "productCode": 1,
    "title": "Wilson Tennis Racket",
    "productName": "Wilson Tennis Racket",
    "imageName": "./images/tennisbat-1.jpg",
    "price": 49.99
  },
  {
    "productCode": 2,
    "title": "Yonex Tennis Racket",
    "productName": "Wilson Federer Tennis Racket",
    "imageName": "./images/tennisbat-2.jpg",
    "price": 89.00
  },
  {
    "productCode": 3,
    "title": "Smash Tennis Racket",
    "productName": "Smash Tennis Racket",
    "imageName": "./images/tennisbat-3.jpg",
    "price": 35.50
  },
  {
    "productCode": 4,
    "title": "Cricket Bat GRAY-NICOLLS",
    "productName": "Cricket Bat GRAY-NICOLLS",
    "imageName": "./images/cricketbat-2.png",
    "price": 120.00
  },
  {
    "productCode":5,
    "title": "Cricket Bat Kookaburra",
    "productName": "Cricket Bat Kookaburra",
    "imageName": "./images/cricketbat-1.jpg",
    "price": 99.99
  },
  {
    "productCode":6,
    "title": "Cricket Bat BDM",
    "productName": "Cricket Bat BDM",
    "imageName": "./images/cricketbat-3.jpg",
    "price": 75.30
  },
  {
    "productCode": 7,
    "title": "Li-Ning Badmention Bat",
    "productName": "Li-Ning Badmention Bat",
    "imageName": "./images/badmentionbat-1.jpg",
    "price": 180.80
  },
  {
    "productCode": 8,
    "title": "Wilson Badmention Bat",
    "productName": "Wilson Badmention Bat",
    "imageName": "./images/badmentionbat-2.jpg",
    "price": 60.00
 },
 {
    "productCode": 9,
    "title": "Yonex Badmention Bat",
    "productName": "Yonex Badmention Bat",
    "imageName": "./images/badmentionbat-3.jpg",
    "price": 199.99
 }
]